,Id,Position,Nickname,FPPG,Salary,Team,Predict
0,27215-23089,P,Dallas Keuchel,30.04761905,9500,HOU,23.048727
1,27215-5440,P,Yovani Gallardo,13.0,5800,TEX,20.084366
2,27215-39041,P,Marcus Stroman,22.92307692,8000,TOR,20.029621
3,27215-68491,P,Reynaldo Lopez,25.4,6100,CWS,7.756952
4,27215-60632,P,Kyle Freeland,30.55,7500,COL,22.90754
5,27215-52165,P,Sean Manaea,29.23809524,6800,OAK,14.886407
6,27215-68561,P,Luke Weaver,21.65217391,6600,STL,21.390467
7,27215-11321,P,Mike Montgomery,11.55172414,6500,CHC,16.501047
