,Id,Position,Nickname,FPPG,Salary,Team,Predict
0,27257-16956,P,Gerrit Cole,46.0952381,11100,HOU,40.437622
1,27257-21098,P,James Paxton,38.6,8900,SEA,4.8686514
2,27257-68452,P,Kenta Maeda,29.3,9100,LOS,30.639393
3,27257-83190,P,Freddy Peralta,35.375,7400,MIL,29.143139
4,27257-6320,P,Marco Estrada,23.17647059,7600,TOR,7.0429926
5,27257-5125,P,Edwin Jackson,27.16666667,6400,OAK,19.609442
6,27257-79226,P,Eric Lauer,21.58823529,6900,SDP,21.111362
7,27257-5764,P,Derek Holland,23.66666667,6800,SFG,25.956898
